"","R2","MSE","RMSE","MAE"
"1",0.992509950116546,52.0988720194507,7.21795483634046,3.66892853635951
