"","R2","MSE","RMSE","MAE"
"1",0.990921718664087,18.7045019678177,4.32487016774118,1.99926189481706
