"","Accuracy","ACC_Pvalue","F1"
"1",0.505829596412556,0.999999044622063,0.494340776996023
