"","Accuracy","ACC_Pvalue","F1"
"1",0.500468666309588,0.999995599404468,0.517056120137226
