"","Accuracy","ACC_Pvalue","F1"
"1",0.510804136440809,1,0.562797434305814
